Total Price,Cost/Square Ft,Square Ft,Bedroom,Bathroom,Contact
₹ 1.6 Cr,"₹ 11,721/sq.ft.","1,365 sq.ft.",2 BHK,2 Baths,https://www.99acres.com/2-bhk-bedroom-apartment-flat-for-sale-in-bhagwati-greens-sector-23-kharghar-mumbai-navi-1365-sq-ft-spid-I49020587
₹ 30.14 - 30.97 Lac,"₹ 10,854/sq.ft.",278-285 sq.ft.,1 BHK,3 Baths,https://www.99acres.com/1-bhk-bedroom-apartment-flat-for-sale-in-villa-oceano-dronagiri-navi-mumbai-278-sq-ft-to-285-sq-ft-npspid-Y47679661
₹ 55 Lac,"₹ 9,581/sq.ft.",574 sq.ft.,1 BHK,1 Bath,https://www.99acres.com/1-bhk-bedroom-apartment-flat-for-sale-in-shankeshwar-chs-sector-11-kharghar-mumbai-navi-574-sq-ft-spid-D48892591
₹ 35 - 35 Lac,"₹ 12,311/sq.ft.",261-311 sq.ft.,1 BHK,1 Bath,https://www.99acres.com/1-bhk-bedroom-apartment-flat-for-sale-in-jayesh-villa-wahal-mumbai-navi-261-sq-ft-to-311-sq-ft-npspid-O48382457
₹ 1.1 Cr,"₹ 9,565/sq.ft.","1,150 sq.ft.",2 BHK,2 Baths,https://www.99acres.com/2-bhk-bedroom-apartment-flat-for-sale-in-giriraj-patil-residency-kharghar-navi-mumbai-1150-sq-ft-spid-C49022635
₹ 1.85 Cr,"₹ 12,982/sq.ft.","1,425 sq.ft.",3 BHK,3 Baths,https://www.99acres.com/3-bhk-bedroom-apartment-flat-for-sale-in-hiranandani-fortune-city-panvel-navi-mumbai-1425-sq-ft-npspid-P48841213
₹ 87 Lac,"₹ 20,138/sq.ft.",432 sq.ft.,2 BHK,3 Baths,https://www.99acres.com/2-bhk-bedroom-apartment-flat-for-sale-in-platinum-experio-kalamboli-navi-mumbai-432-sq-ft-npspid-J49038883
₹ 71.73 Lac,"₹ 10,253/sq.ft.",699 sq.ft.,2 BHK,2 Baths,https://www.99acres.com/2-bhk-bedroom-apartment-flat-for-sale-in-indiabulls-park-panvel-navi-mumbai-700-sq-ft-npspid-G48935577
₹ 1.22 Cr,"₹ 12,200/sq.ft.","1,000 sq.ft.",2 BHK,2 Baths,https://www.99acres.com/2-bhk-bedroom-apartment-flat-for-sale-in-sector-20-airoli-mumbai-navi-1000-sq-ft-spid-N48654089
₹ 1.97 Cr,"₹ 11,588/sq.ft.","1,700 sq.ft.",3 BHK,3 Baths,https://www.99acres.com/3-bhk-bedroom-apartment-flat-for-sale-in-bhagwati-eminence-sector-13-nerul-mumbai-navi-1700-sq-ft-r1-spid-O47383993
₹ 78 Lac,"₹ 6,782/sq.ft.","1,150 sq.ft.",2 BHK,2 Baths,https://www.99acres.com/2-bhk-bedroom-apartment-flat-for-sale-in-bks-galaxy-sector-35i-kharghar-mumbai-navi-1150-sq-ft-spid-R49038631
₹ 79.79 Lac,"₹ 6,790/sq.ft.","1,175 sq.ft.",2 BHK,2 Baths,https://www.99acres.com/2-bhk-bedroom-apartment-flat-for-sale-in-galaxy-orion-kharghar-navi-mumbai-1175-sq-ft-spid-I48686467
₹ 1.18 Cr,"₹ 10,488/sq.ft.","1,125 sq.ft.",2 BHK,2 Baths,https://www.99acres.com/2-bhk-bedroom-apartment-flat-for-sale-in-mahaavir-jyoti-sector-10-kharghar-mumbai-navi-1125-sq-ft-spid-P47832411
₹ 34.98 Lac,"₹ 8,421/sq.ft.",415 sq.ft.,1 BHK,3 Baths,https://www.99acres.com/1-bhk-bedroom-apartment-flat-for-sale-in-shree-ganesh-karanjada-mumbai-navi-415-sq-ft-npspid-C49046849
₹ 6.5 Cr,"₹ 20,312/sq.ft.","3,200 sq.ft.",5 BHK,5 Baths,https://www.99acres.com/5-bhk-bedroom-apartment-flat-for-sale-in-sector-17-sanpada-mumbai-navi-3200-sq-ft-r1-spid-V45949155
₹ 1.12 Cr,"₹ 10,500/sq.ft.","1,070 sq.ft.",2 BHK,2 Baths,https://www.99acres.com/2-bhk-bedroom-apartment-flat-for-sale-in-alliance-one-ghansoli-navi-mumbai-1070-sq-ft-npspid-G49046943
₹ 45 Lac,"₹ 7,438/sq.ft.",605 sq.ft.,1 BHK,1 Bath,https://www.99acres.com/1-bhk-bedroom-apartment-flat-for-sale-in-stone-villa-sector-17-ulwe-mumbai-navi-605-sq-ft-spid-Q48567159
₹ 1.8 Cr,"₹ 10,714/sq.ft.","1,680 sq.ft.",3 BHK,3 Baths,https://www.99acres.com/3-bhk-bedroom-apartment-flat-for-sale-in-green-world-airoli-navi-mumbai-1680-sq-ft-spid-U48403887
₹ 1.8 Cr,"₹ 10,084/sq.ft.","1,785 sq.ft.",3 BHK,3 Baths,https://www.99acres.com/3-bhk-bedroom-apartment-flat-for-sale-in-hills-residency-kharghar-navi-mumbai-1785-sq-ft-r1-spid-Z47506853
₹ 1.29 - 1.45 Cr,"₹ 11,111/sq.ft.","1,161-1,307 sq.ft.",3 BHK,3 Baths,https://www.99acres.com/3-bhk-bedroom-apartment-flat-for-sale-in-paradise-sai-world-city-panvel-navi-mumbai-1161-sq-ft-to-1307-sq-ft-npspid-Y48919667
₹ 86 Lac,"₹ 14,957/sq.ft.",575 sq.ft.,2 BHK,2 Baths,https://www.99acres.com/2-bhk-bedroom-apartment-flat-for-sale-in-arihant-aspire-panvel-navi-mumbai-575-sq-ft-npspid-K49030107
₹ 80 Lac,"₹ 6,722/sq.ft.","1,190 sq.ft.",2 BHK,2 Baths,https://www.99acres.com/2-bhk-bedroom-apartment-flat-for-sale-in-ulwe-navi-mumbai-1190-sq-ft-spid-U49026245
₹ 85 Lac,"₹ 8,947/sq.ft.",950 sq.ft.,2 BHK,2 Baths,https://www.99acres.com/2-bhk-bedroom-apartment-flat-for-sale-in-prem-amber-sector-16-kamothe-mumbai-navi-950-sq-ft-spid-B47930403
₹ 78 Lac,"₹ 11,142/sq.ft.",700 sq.ft.,1 BHK,2 Baths,https://www.99acres.com/1-bhk-bedroom-apartment-flat-for-sale-in-sector-48-seawoods-mumbai-navi-700-sq-ft-spid-A48823341
₹ 61 Lac,"₹ 10,517/sq.ft.",580 sq.ft.,1 BHK,1 Bath,https://www.99acres.com/1-bhk-bedroom-apartment-flat-for-sale-in-sector-20b-airoli-mumbai-navi-580-sq-ft-r1-spid-M42340873
₹ 59 - 60.84 Lac,"₹ 20,486/sq.ft.",288-297 sq.ft.,1 BHK,3 Baths,https://www.99acres.com/1-bhk-bedroom-apartment-flat-for-sale-in-platinum-experio-kalamboli-navi-mumbai-288-sq-ft-to-297-sq-ft-npspid-Q49038881
₹ 32.98 - 34.28 Lac,"₹ 8,115/sq.ft.",406-422 sq.ft.,1 BHK,1 Bath,https://www.99acres.com/1-bhk-bedroom-apartment-flat-for-sale-in-guru-sai-janardhan-residency-wahal-mumbai-navi-406-sq-ft-to-423-sq-ft-npspid-F49046051
₹ 34.25 - 39.51 Lac,"₹ 4,500/sq.ft.",761-878 sq.ft.,2 BHK,2 Baths,https://www.99acres.com/2-bhk-bedroom-apartment-flat-for-sale-in-purva-om-residency-panvel-navi-mumbai-761-sq-ft-to-878-sq-ft-npspid-I48987119
₹ 1.6 Cr,"₹ 18,604/sq.ft.",860 sq.ft.,2 BHK,2 Baths,https://www.99acres.com/2-bhk-bedroom-apartment-flat-for-sale-in-shiv-deep-chs-sector-29-vashi-mumbai-navi-860-sq-ft-spid-Y47820491
₹ 86 Lac,"₹ 9,052/sq.ft.",950 sq.ft.,1 BHK,2 Baths,https://www.99acres.com/1-bhk-bedroom-apartment-flat-for-sale-in-sr-a-n-hill-view-sector-27-nerul-mumbai-navi-950-sq-ft-spid-X49052123
₹ 56 Lac,"₹ 8,175/sq.ft.",685 sq.ft.,1 BHK,2 Baths,https://www.99acres.com/1-bhk-bedroom-apartment-flat-for-sale-in-soham-shakti-sector-17-ulwe-mumbai-navi-685-sq-ft-spid-Y48198353
₹ 2.02 Cr,"₹ 11,994/sq.ft.","1,680 sq.ft.",3 BHK,3 Baths,https://www.99acres.com/3-bhk-bedroom-apartment-flat-for-sale-in-bhagwati-eminence-nerul-navi-mumbai-1680-sq-ft-spid-W48844647
₹ 1.1 Cr,"₹ 6,875/sq.ft.","1,600 sq.ft.",2 BHK,2 Baths,https://www.99acres.com/2-bhk-bedroom-apartment-flat-for-sale-in-balaji-aangan-sector-3-kharghar-mumbai-navi-1600-sq-ft-spid-N48999363
₹ 80 Lac,"₹ 7,729/sq.ft.","1,035 sq.ft.",2 BHK,2 Baths,https://www.99acres.com/2-bhk-bedroom-apartment-flat-for-sale-in-paradise-sai-sapphire-sector-20-ulwe-mumbai-navi-1035-sq-ft-spid-U49057565
₹ 50 Lac,"₹ 7,022/sq.ft.",712 sq.ft.,1 BHK,2 Baths,https://www.99acres.com/1-bhk-bedroom-apartment-flat-for-sale-in-ulwe-navi-mumbai-712-sq-ft-spid-B49026843
₹ 40 Lac,"₹ 6,896/sq.ft.",580 sq.ft.,1 BHK,1 Bath,https://www.99acres.com/1-bhk-bedroom-apartment-flat-for-sale-in-radhe-krishna-villa-sector-2-ulwe-mumbai-navi-580-sq-ft-spid-G48562023
₹ 2.05 Cr,"₹ 12,202/sq.ft.","1,680 sq.ft.",3 BHK,3 Baths,https://www.99acres.com/3-bhk-bedroom-apartment-flat-for-sale-in-paradise-sai-mannat-sector-34a-kharghar-mumbai-navi-1680-sq-ft-spid-I48560553
₹ 2.95 Cr,"₹ 22,315/sq.ft.","1,322 sq.ft.",4 BHK,3 Baths,https://www.99acres.com/4-bhk-bedroom-apartment-flat-for-sale-in-aurum-q-islands-r4-ghansoli-navi-mumbai-1322-sq-ft-npspid-W49046171
₹ 1.42 - 1.61 Cr,"₹ 22,083/sq.ft.",643-728 sq.ft.,2 BHK,3 Baths,https://www.99acres.com/2-bhk-bedroom-apartment-flat-for-sale-in-aurum-q-islands-r4-ghansoli-navi-mumbai-643-sq-ft-to-728-sq-ft-npspid-I49046169
₹ 2.45 - 2.68 Cr,"₹ 22,032/sq.ft.","1,112-1,215 sq.ft.",3 BHK,3 Baths,https://www.99acres.com/3-bhk-bedroom-apartment-flat-for-sale-in-aurum-q-islands-r4-ghansoli-navi-mumbai-1112-sq-ft-to-1215-sq-ft-npspid-P49046167
₹ 49 Lac,"₹ 7,205/sq.ft.",680 sq.ft.,1 BHK,1 Bath,https://www.99acres.com/1-bhk-bedroom-apartment-flat-for-sale-in-ulwe-navi-mumbai-680-sq-ft-spid-F49026129
₹ 88.97 - 98.66 Lac,"₹ 8,140/sq.ft.","1,093-1,212 sq.ft.",3 BHK,3 Baths,https://www.99acres.com/3-bhk-bedroom-apartment-flat-for-sale-in-indiabulls-greens-panvel-navi-mumbai-1093-sq-ft-to-1212-sq-ft-npspid-P49027931
₹ 74 Lac,"₹ 11,384/sq.ft.",650 sq.ft.,1 BHK,1 Bath,https://www.99acres.com/1-bhk-bedroom-apartment-flat-for-sale-in-chamunda-enclave-sector-29-c-airoli-mumbai-navi-650-sq-ft-spid-T48381471
₹ 1.42 - 1.66 Cr,"₹ 13,000/sq.ft.","1,090-1,275 sq.ft.",2 BHK,2 Baths,https://www.99acres.com/2-bhk-bedroom-apartment-flat-for-sale-in-bhagwati-eleganza-jeejamata-nagar-mumbai-navi-1090-sq-ft-to-1275-sq-ft-npspid-N49046793
₹ 2.17 - 2.31 Cr,"₹ 13,500/sq.ft.","1,650-1,670 sq.ft.",3 BHK,3 Baths,https://www.99acres.com/3-bhk-bedroom-apartment-flat-for-sale-in-bhagwati-eleganza-jeejamata-nagar-mumbai-navi-1650-sq-ft-to-1670-sq-ft-npspid-D49046791
₹ 1.75 Cr,"₹ 10,937/sq.ft.","1,600 sq.ft.",3 BHK,3 Baths,https://www.99acres.com/3-bhk-bedroom-apartment-flat-for-sale-in-army-welfare-chs-sector-15-nerul-mumbai-navi-1600-sq-ft-r1-spid-M46977533
₹ 40 Lac,"₹ 4,444/sq.ft.",900 sq.ft.,2 BHK,2 Baths,https://www.99acres.com/2-bhk-bedroom-apartment-flat-for-sale-in-ashiana-panvel-pride-kewale-mumbai-navi-900-sq-ft-spid-T48469411
₹ 75 Lac,"₹ 7,142/sq.ft.","1,050 sq.ft.",2 BHK,2 Baths,https://www.99acres.com/2-bhk-bedroom-apartment-flat-for-sale-in-sector-18-ulwe-mumbai-navi-1050-sq-ft-spid-N49003921
₹ 1.55 Cr,"₹ 11,923/sq.ft.","1,300 sq.ft.",3 BHK,3 Baths,https://www.99acres.com/3-bhk-bedroom-apartment-flat-for-sale-in-mahavir-drishti-sector-12-kharghar-mumbai-navi-1300-sq-ft-spid-E49021581
₹ 1.05 Cr,"₹ 9,813/sq.ft.","1,070 sq.ft.",2 BHK,2 Baths,https://www.99acres.com/2-bhk-bedroom-apartment-flat-for-sale-in-juhi-niharika-residency-sector-34-b-kharghar-mumbai-navi-1070-sq-ft-r1-spid-B47385591
₹ 1.8 Cr,"₹ 11,250/sq.ft.","1,600 sq.ft.",3 BHK,3 Baths,https://www.99acres.com/3-bhk-bedroom-apartment-flat-for-sale-in-sector-20-airoli-mumbai-navi-1600-sq-ft-spid-C48938741
₹ 39 Lac,"₹ 6,724/sq.ft.",580 sq.ft.,1 BHK,1 Bath,https://www.99acres.com/1-bhk-bedroom-apartment-flat-for-sale-in-old-panvel-mumbai-navi-580-sq-ft-spid-J48510015
₹ 2.03 Cr,"₹ 11,160/sq.ft.","1,819 sq.ft.",4 BHK,3 Baths,https://www.99acres.com/4-bhk-bedroom-apartment-flat-for-sale-in-paradise-sai-world-city-panvel-navi-mumbai-1819-sq-ft-npspid-V48978097
₹ 1.29 - 1.45 Cr,"₹ 11,111/sq.ft.","1,161-1,307 sq.ft.",3 BHK,3 Baths,https://www.99acres.com/3-bhk-bedroom-apartment-flat-for-sale-in-paradise-sai-world-city-panvel-navi-mumbai-1161-sq-ft-to-1307-sq-ft-npspid-V48978095
₹ 91.58 - 95.13 Lac,"₹ 11,100/sq.ft.",825-857 sq.ft.,2 BHK,2 Baths,https://www.99acres.com/2-bhk-bedroom-apartment-flat-for-sale-in-paradise-sai-world-city-panvel-navi-mumbai-825-sq-ft-to-857-sq-ft-npspid-G48978093
₹ 62.41 - 88.94 Lac,"₹ 10,742/sq.ft.",581-828 sq.ft.,2 BHK,2 Baths,https://www.99acres.com/2-bhk-bedroom-apartment-flat-for-sale-in-marathon-nexzone-new-panvel-navi-mumbai-581-sq-ft-to-828-sq-ft-npspid-X49027709
₹ 82 Lac,"₹ 13,486/sq.ft.",608 sq.ft.,2 BHK,2 Baths,https://www.99acres.com/2-bhk-bedroom-apartment-flat-for-sale-in-balaji-symphony-new-panvel-navi-mumbai-608-sq-ft-npspid-V48978183
₹ 1.6 Cr,"₹ 13,333/sq.ft.","1,200 sq.ft.",2 BHK,2 Baths,https://www.99acres.com/2-bhk-bedroom-apartment-flat-for-sale-in-bhagwati-eminence-nerul-navi-mumbai-1200-sq-ft-spid-E48844553
₹ 63.5 Lac,"₹ 5,599/sq.ft.","1,134 sq.ft.",2 BHK,2 Baths,https://www.99acres.com/2-bhk-bedroom-apartment-flat-for-sale-in-gami-amar-harmony-taloja-panchanand-navi-mumbai-1134-sq-ft-spid-U49054495
₹ 1.07 Cr,"₹ 12,050/sq.ft.",888 sq.ft.,3 BHK,3 Baths,https://www.99acres.com/3-bhk-bedroom-apartment-flat-for-sale-in-marathon-nexzone-new-panvel-navi-mumbai-888-sq-ft-npspid-C49027715
₹ 1.23 Cr,"₹ 13,236/sq.ft.",931 sq.ft.,3 BHK,3 Baths,https://www.99acres.com/3-bhk-bedroom-apartment-flat-for-sale-in-balaji-symphony-new-panvel-navi-mumbai-931-sq-ft-npspid-Z48978181
₹ 1.13 Cr,"₹ 13,487/sq.ft.",837 sq.ft.,2 BHK,2 Baths,https://www.99acres.com/2-bhk-bedroom-apartment-flat-for-sale-in-balaji-symphony-new-panvel-navi-mumbai-837-sq-ft-npspid-I48978177
₹ 47.26 - 67.83 Lac,"₹ 10,935/sq.ft.",432-620 sq.ft.,1 BHK,1 Bath,https://www.99acres.com/1-bhk-bedroom-apartment-flat-for-sale-in-indiabulls-greens-panvel-navi-mumbai-432-sq-ft-to-620-sq-ft-npspid-C49027933
₹ 1.36 Cr,"₹ 8,831/sq.ft.","1,540 sq.ft.",3 BHK,2 Baths,https://www.99acres.com/3-bhk-bedroom-apartment-flat-for-sale-in-adhiraj-gardens-sector-5-kharghar-mumbai-navi-1540-sq-ft-spid-I49046105
₹ 47 Lac,"₹ 4,747/sq.ft.",990 sq.ft.,2 BHK,2 Baths,https://www.99acres.com/2-bhk-bedroom-apartment-flat-for-sale-in-lk-damayanti-residency-taloja-panchanand-navi-mumbai-990-sq-ft-npspid-S48530347
₹ 32.78 Lac,"₹ 5,959/sq.ft.",550 sq.ft.,1 BHK,1 Bath,https://www.99acres.com/1-bhk-bedroom-apartment-flat-for-sale-in-sarang-plumbago-vadghar-mumbai-navi-550-sq-ft-npspid-H49036571
₹ 82 Lac,"₹ 9,111/sq.ft.",900 sq.ft.,2 BHK,2 Baths,https://www.99acres.com/2-bhk-bedroom-apartment-flat-for-sale-in-prajapati-residency-1-sector-5-kharghar-mumbai-navi-900-sq-ft-spid-L49021315
₹ 58 Lac,"₹ 5,201/sq.ft.","1,115 sq.ft.",1 BHK,1 Bath,https://www.99acres.com/1-bhk-bedroom-apartment-flat-for-sale-in-sai-proviso-sapphire-roadpali-mumbai-navi-1115-sq-ft-spid-Q48973051
₹ 1.45 Cr,"₹ 12,393/sq.ft.","1,170 sq.ft.",2 BHK,2 Baths,https://www.99acres.com/2-bhk-bedroom-apartment-flat-for-sale-in-gopal-krishna-sector-30-belapur-mumbai-navi-1170-sq-ft-spid-E48924079
₹ 1.55 Cr,"₹ 10,285/sq.ft.","1,507 sq.ft.",3 BHK,3 Baths,https://www.99acres.com/3-bhk-bedroom-apartment-flat-for-sale-in-giriraj-horizon-sector-20-kharghar-mumbai-navi-1507-sq-ft-spid-V49045567
₹ 7 Cr,"₹ 22,012/sq.ft.","3,180 sq.ft.",4 BHK,4 Baths,https://www.99acres.com/4-bhk-bedroom-apartment-flat-for-sale-in-sector-46-seawoods-mumbai-navi-3180-sq-ft-r4-spid-E42559283
₹ 70 Lac,"₹ 6,481/sq.ft.","1,080 sq.ft.",2 BHK,2 Baths,https://www.99acres.com/2-bhk-bedroom-apartment-flat-for-sale-in-kharghar-navi-mumbai-1080-sq-ft-spid-F47894957
₹ 3.11 Cr,"₹ 11,309/sq.ft.","2,750 sq.ft.",5 BHK,3 Baths,https://www.99acres.com/5-bhk-bedroom-apartment-flat-for-sale-in-adhiraj-zinnia-kharghar-navi-mumbai-2750-sq-ft-r1-spid-Z46892261
₹ 3.6 Cr,"₹ 18,045/sq.ft.","1,995 sq.ft.",3 BHK,3 Baths,https://www.99acres.com/3-bhk-bedroom-apartment-flat-for-sale-in-akshar-sai-radiance-sector-15-belapur-navi-mumbai-1995-sq-ft-spid-P48975617
₹ 59.85 Lac,"₹ 14,752/sq.ft.",405 sq.ft.,1 RK,1 Bath,https://www.99acres.com/studio-apartment-flat-for-sale-in-arihant-aspire-panvel-navi-mumbai-406-sq-ft-npspid-P49030105
₹ 1.95 - 2.14 Cr,"₹ 11,800/sq.ft.","1,650-1,810 sq.ft.",3 BHK,3 Baths,https://www.99acres.com/3-bhk-bedroom-apartment-flat-for-sale-in-rna-ng-grand-plaza-ghansoli-navi-mumbai-1650-sq-ft-to-1810-sq-ft-npspid-U49046315
₹ 1.53 - 1.68 Cr,"₹ 11,800/sq.ft.","1,299-1,427 sq.ft.",2 BHK,2 Baths,https://www.99acres.com/2-bhk-bedroom-apartment-flat-for-sale-in-rna-ng-grand-plaza-ghansoli-navi-mumbai-1299-sq-ft-to-1427-sq-ft-npspid-B49046313
₹ 2.21 Cr,"₹ 12,000/sq.ft.","1,844 sq.ft.",3 BHK,3 Baths,https://www.99acres.com/3-bhk-bedroom-apartment-flat-for-sale-in-bhairaav-gold-crest-residency-ghansoli-navi-mumbai-1844-sq-ft-npspid-F48952459
₹ 1.98 - 2.17 Cr,"₹ 12,000/sq.ft.","1,650-1,810 sq.ft.",3 BHK,3 Baths,https://www.99acres.com/3-bhk-bedroom-apartment-flat-for-sale-in-rna-ng-grand-plaza-ghansoli-navi-mumbai-1650-sq-ft-to-1810-sq-ft-npspid-D48935045
₹ 2 Cr,"₹ 10,000/sq.ft.","2,000 sq.ft.",3 BHK,3 Baths,https://www.99acres.com/3-bhk-bedroom-apartment-flat-for-sale-in-rajkamal-bayside-sector-15-belapur-navi-mumbai-2000-sq-ft-spid-U49047363
₹ 70 Lac,"₹ 9,333/sq.ft.",750 sq.ft.,1 BHK,1 Bath,https://www.99acres.com/1-bhk-bedroom-apartment-flat-for-sale-in-sector-3-kharghar-mumbai-navi-750-sq-ft-spid-H47735429
₹ 1.22 - 1.57 Cr,"₹ 24,875/sq.ft.",488-629 sq.ft.,2 BHK,2 Baths,https://www.99acres.com/2-bhk-bedroom-apartment-flat-for-sale-in-green-world-airoli-navi-mumbai-489-sq-ft-to-630-sq-ft-npspid-F48964273
₹ 1.58 Cr,"₹ 13,166/sq.ft.","1,200 sq.ft.",2 BHK,2 Baths,https://www.99acres.com/2-bhk-bedroom-apartment-flat-for-sale-in-bhagwati-eminence-nerul-navi-mumbai-1200-sq-ft-spid-O48844475
₹ 82 Lac,"₹ 7,809/sq.ft.","1,050 sq.ft.",2 BHK,2 Baths,https://www.99acres.com/2-bhk-bedroom-apartment-flat-for-sale-in-infra-millenium-icon-sector-9-ulwe-mumbai-navi-1050-sq-ft-spid-B49027107
₹ 82 Lac,"₹ 14,017/sq.ft.",585 sq.ft.,1 BHK,1 Bath,https://www.99acres.com/1-bhk-bedroom-apartment-flat-for-sale-in-sector-14-koparkhairane-mumbai-navi-585-sq-ft-r1-spid-J45367025
₹ 1.69 - 2.28 Cr,"₹ 23,980/sq.ft.",704-952 sq.ft.,3 BHK,3 Baths,https://www.99acres.com/3-bhk-bedroom-apartment-flat-for-sale-in-green-world-airoli-navi-mumbai-704-sq-ft-to-952-sq-ft-npspid-Q48964277
₹ 97 Lac,"₹ 10,210/sq.ft.",950 sq.ft.,2 BHK,2 Baths,https://www.99acres.com/2-bhk-bedroom-apartment-flat-for-sale-in-raikar-narmada-chs-sector-19-airoli-mumbai-navi-950-sq-ft-spid-K48631201
₹ 74.16 - 80.19 Lac,"₹ 9,000/sq.ft.",824-891 sq.ft.,2 BHK,3 Baths,https://www.99acres.com/2-bhk-bedroom-apartment-flat-for-sale-in-indiabulls-greens-panvel-navi-mumbai-824-sq-ft-to-891-sq-ft-npspid-D49027929
₹ 82 Lac,"₹ 5,239/sq.ft.","1,565 sq.ft.",2 BHK,2 Baths,https://www.99acres.com/2-bhk-bedroom-apartment-flat-for-sale-in-sai-proviso-sapphire-roadpali-mumbai-navi-1565-sq-ft-spid-J48973169
₹ 1.4 Cr,"₹ 15,184/sq.ft.",922 sq.ft.,2 BHK,2 Baths,https://www.99acres.com/2-bhk-bedroom-apartment-flat-for-sale-in-bhakti-avenue-sea-woods-navi-mumbai-922-sq-ft-spid-E48714319
₹ 60.14 Lac,"₹ 12,978/sq.ft.",463 sq.ft.,2 BHK,2 Baths,https://www.99acres.com/2-bhk-bedroom-apartment-flat-for-sale-in-today-utsav-city-new-panvel-navi-mumbai-463-sq-ft-npspid-W48977861
₹ 54.23 Lac,"₹ 8,636/sq.ft.",628 sq.ft.,2 BHK,2 Baths,https://www.99acres.com/2-bhk-bedroom-apartment-flat-for-sale-in-wadhwa-wise-city-panvel-navi-mumbai-628-sq-ft-npspid-Z49037501
₹ 19.94 - 27.98 Lac,"₹ 8,188/sq.ft.",243-341 sq.ft.,1 RK,1 Bath,https://www.99acres.com/studio-apartment-flat-for-sale-in-guru-sai-janardhan-residency-wahal-mumbai-navi-244-sq-ft-to-341-sq-ft-npspid-I49046049
₹ 1.25 Cr,"₹ 9,615/sq.ft.","1,300 sq.ft.",2 BHK,2 Baths,https://www.99acres.com/2-bhk-bedroom-apartment-flat-for-sale-in-the-residency-apartment-sector-2a-kopar-khairane-mumbai-navi-1300-sq-ft-r1-spid-M47007605
₹ 60 Lac,"₹ 9,230/sq.ft.",650 sq.ft.,1 BHK,1 Bath,https://www.99acres.com/1-bhk-bedroom-apartment-flat-for-sale-in-sector-20-kharghar-mumbai-navi-650-sq-ft-spid-V48790113
₹ 58.42 - 58.86 Lac,"₹ 10,391/sq.ft.",562-566 sq.ft.,2 BHK,3 Baths,https://www.99acres.com/2-bhk-bedroom-apartment-flat-for-sale-in-belmac-riverside-new-panvel-navi-mumbai-562-sq-ft-to-566-sq-ft-npspid-Y48975697
₹ 1.05 Cr,"₹ 9,813/sq.ft.","1,070 sq.ft.",2 BHK,2 Baths,https://www.99acres.com/2-bhk-bedroom-apartment-flat-for-sale-in-juhi-niharika-residency-sector-34-b-kharghar-mumbai-navi-1070-sq-ft-spid-K48892951
₹ 45 Lac,"₹ 6,923/sq.ft.",650 sq.ft.,1 BHK,1 Bath,https://www.99acres.com/1-bhk-bedroom-apartment-flat-for-sale-in-sector-2-ulwe-mumbai-navi-650-sq-ft-spid-O49003033
₹ 75 Lac,"₹ 8,721/sq.ft.",860 sq.ft.,2 BHK,2 Baths,https://www.99acres.com/2-bhk-bedroom-apartment-flat-for-sale-in-paradise-sai-sansar-complex-sector-5-new-panvel-east-mumbai-navi-860-sq-ft-r2-spid-Z39968307
₹ 1.53 Cr,"₹ 11,906/sq.ft.","1,285 sq.ft.",3 BHK,2 Baths,https://www.99acres.com/3-bhk-bedroom-apartment-flat-for-sale-in-sector-20b-airoli-mumbai-navi-1285-sq-ft-r1-spid-V42396811
₹ 45 Lac,"₹ 6,766/sq.ft.",665 sq.ft.,1 BHK,1 Bath,https://www.99acres.com/1-bhk-bedroom-apartment-flat-for-sale-in-aum-apartment-ulwe-navi-mumbai-665-sq-ft-spid-P49045797
₹ 2.05 Cr,"₹ 11,325/sq.ft.","1,810 sq.ft.",3 BHK,3 Baths,https://www.99acres.com/3-bhk-bedroom-apartment-flat-for-sale-in-rna-ng-grand-plaza-ghansoli-navi-mumbai-1810-sq-ft-spid-G48768223
₹ 1.5 Cr,"₹ 12,244/sq.ft.","1,225 sq.ft.",2 BHK,2 Baths,https://www.99acres.com/2-bhk-bedroom-apartment-flat-for-sale-in-paradise-sai-crystals-sector-35d-kharghar-mumbai-navi-1225-sq-ft-spid-I48251643
₹ 1.1 Cr,"₹ 14,864/sq.ft.",740 sq.ft.,2 BHK,2 Baths,https://www.99acres.com/2-bhk-bedroom-apartment-flat-for-sale-in-sector-16a-nerul-mumbai-navi-740-sq-ft-spid-H49021759
₹ 90 Lac,"₹ 8,571/sq.ft.","1,050 sq.ft.",2 BHK,2 Baths,https://www.99acres.com/2-bhk-bedroom-apartment-flat-for-sale-in-metro-tulsi-kamal-sector-10-kharghar-mumbai-navi-1050-sq-ft-spid-E48376379
₹ 57 Lac,"₹ 7,916/sq.ft.",720 sq.ft.,1 BHK,3 Baths,https://www.99acres.com/1-bhk-bedroom-apartment-flat-for-sale-in-mahi-kripa-ranjanpada-mumbai-navi-720-sq-ft-r1-spid-R47618273
₹ 48 Lac,"₹ 4,173/sq.ft.","1,150 sq.ft.",2 BHK,2 Baths,https://www.99acres.com/2-bhk-bedroom-apartment-flat-for-sale-in-r-d-parvati-enclave-taloja-mumbai-others-1150-sq-ft-spid-N49050089
₹ 75 Lac,"₹ 6,382/sq.ft.","1,175 sq.ft.",2 BHK,2 Baths,https://www.99acres.com/2-bhk-bedroom-apartment-flat-for-sale-in-sector-21-ulwe-mumbai-navi-1175-sq-ft-spid-F48823207
₹ 82 Lac,"₹ 8,200/sq.ft.","1,000 sq.ft.",2 BHK,2 Baths,https://www.99acres.com/2-bhk-bedroom-apartment-flat-for-sale-in-neelsidhi-amarante-kalamboli-navi-mumbai-1000-sq-ft-spid-H48975211
₹ 1.3 Cr,"₹ 10,400/sq.ft.","1,250 sq.ft.",2 BHK,2 Baths,https://www.99acres.com/2-bhk-bedroom-apartment-flat-for-sale-in-thane-belapur-road-navi-mumbai-1250-sq-ft-spid-A48938637
₹ 74.99 - 82.95 Lac,"₹ 16,574/sq.ft.",452-500 sq.ft.,1 BHK,1 Bath,https://www.99acres.com/1-bhk-bedroom-apartment-flat-for-sale-in-aurum-q-residences-ghansoli-navi-mumbai-453-sq-ft-to-500-sq-ft-npspid-D49046025
₹ 1.21 - 1.23 Cr,"₹ 19,000/sq.ft.",638-645 sq.ft.,2 BHK,2 Baths,https://www.99acres.com/2-bhk-bedroom-apartment-flat-for-sale-in-aurum-q-residences-ghansoli-navi-mumbai-638-sq-ft-to-645-sq-ft-npspid-L49046023
₹ 1.21 - 1.23 Cr,"₹ 19,000/sq.ft.",638-645 sq.ft.,2 BHK,2 Baths,https://www.99acres.com/2-bhk-bedroom-apartment-flat-for-sale-in-aurum-q-residences-ghansoli-navi-mumbai-638-sq-ft-to-645-sq-ft-npspid-J48964387
₹ 86.21 Lac - 1.02 Cr,"₹ 36,982/sq.ft.",233-277 sq.ft.,1 BHK,1 Bath,https://www.99acres.com/1-bhk-bedroom-apartment-flat-for-sale-in-bhairaav-gold-crest-residency-ghansoli-navi-mumbai-233-sq-ft-to-277-sq-ft-npspid-R48952463
₹ 78 Lac,"₹ 11,711/sq.ft.",666 sq.ft.,2 BHK,2 Baths,https://www.99acres.com/2-bhk-bedroom-apartment-flat-for-sale-in-sai-proviso-sapphire-roadpali-mumbai-navi-666-sq-ft-npspid-T48382607
₹ 1.92 Cr,"₹ 16,590/sq.ft.","1,160 sq.ft.",3 BHK,3 Baths,https://www.99acres.com/3-bhk-bedroom-apartment-flat-for-sale-in-aurum-q-residences-ghansoli-navi-mumbai-1160-sq-ft-npspid-T49046021
₹ 1.46 Cr,"₹ 29,976/sq.ft.",488 sq.ft.,2 BHK,2 Baths,https://www.99acres.com/2-bhk-bedroom-apartment-flat-for-sale-in-neelkanth-sunberry-ghansoli-navi-mumbai-488-sq-ft-npspid-Q48952513
₹ 1.91 Cr,"₹ 14,692/sq.ft.","1,300 sq.ft.",2 BHK,2 Baths,https://www.99acres.com/2-bhk-bedroom-apartment-flat-for-sale-in-juhi-greens-sector-50-seawoods-mumbai-navi-1300-sq-ft-spid-E48789203
₹ 95 Lac,"₹ 8,050/sq.ft.","1,180 sq.ft.",2 BHK,2 Baths,https://www.99acres.com/2-bhk-bedroom-apartment-flat-for-sale-in-devkrupa-patel-paradise-sector-35-e-kharghar-mumbai-navi-1180-sq-ft-spid-D49030561
₹ 34 Lac,"₹ 5,112/sq.ft.",665 sq.ft.,1 BHK,1 Bath,https://www.99acres.com/1-bhk-bedroom-apartment-flat-for-sale-in-lk-damayanti-residency-taloja-panchanand-navi-mumbai-665-sq-ft-npspid-Z48530349
₹ 75 Lac,"₹ 8,333/sq.ft.",900 sq.ft.,2 BHK,2 Baths,https://www.99acres.com/2-bhk-bedroom-apartment-flat-for-sale-in-sector-6-kharghar-mumbai-navi-900-sq-ft-spid-S48685059
₹ 38.25 - 38.79 Lac,"₹ 9,000/sq.ft.",425-431 sq.ft.,1 BHK,2 Baths,https://www.99acres.com/1-bhk-bedroom-apartment-flat-for-sale-in-cosmos-meluha-shilphata-mumbai-navi-425-sq-ft-to-431-sq-ft-npspid-F48750769
₹ 44 Lac,"₹ 4,170/sq.ft.","1,055 sq.ft.",2 BHK,2 Baths,https://www.99acres.com/2-bhk-bedroom-apartment-flat-for-sale-in-arihant-anshula-taloja-mumbai-others-1055-sq-ft-spid-R48273125
₹ 1.1 Cr,"₹ 9,683/sq.ft.","1,136 sq.ft.",2 BHK,2 Baths,https://www.99acres.com/2-bhk-bedroom-apartment-flat-for-sale-in-adhiraj-gardens-sector-5-kharghar-mumbai-navi-1136-sq-ft-spid-Y49045985
₹ 52 Lac,"₹ 8,666/sq.ft.",600 sq.ft.,1 BHK,1 Bath,https://www.99acres.com/1-bhk-bedroom-apartment-flat-for-sale-in-sector-20-kharghar-mumbai-navi-600-sq-ft-spid-Q49001465
₹ 75 Lac,"₹ 22,455/sq.ft.",334 sq.ft.,1 BHK,1 Bath,https://www.99acres.com/1-bhk-bedroom-apartment-flat-for-sale-in-ak-orchid-sector-12-kharghar-mumbai-navi-334-sq-ft-npspid-M49029151
₹ 1.1 Cr,"₹ 14,968/sq.ft.",734 sq.ft.,2 BHK,2 Baths,https://www.99acres.com/2-bhk-bedroom-apartment-flat-for-sale-in-hiranandani-fortune-city-panvel-navi-mumbai-735-sq-ft-npspid-Q48841215
₹ 1.56 - 1.71 Cr,"₹ 12,000/sq.ft.","1,299-1,427 sq.ft.",2 BHK,2 Baths,https://www.99acres.com/2-bhk-bedroom-apartment-flat-for-sale-in-rna-ng-grand-plaza-ghansoli-navi-mumbai-1299-sq-ft-to-1427-sq-ft-npspid-C48935025
₹ 25 Lac,"₹ 5,000/sq.ft.",500 sq.ft.,1 BHK,1 Bath,https://www.99acres.com/1-bhk-bedroom-apartment-flat-for-sale-in-mahir-paramount-heights-taloja-mumbai-others-500-sq-ft-spid-X48070273
₹ 1.35 Cr,"₹ 10,931/sq.ft.","1,235 sq.ft.",2 BHK,2 Baths,https://www.99acres.com/2-bhk-bedroom-apartment-flat-for-sale-in-koperkhairane-navi-mumbai-1235-sq-ft-spid-O48956251
₹ 62 Lac,"₹ 5,871/sq.ft.","1,056 sq.ft.",2 BHK,2 Baths,https://www.99acres.com/2-bhk-bedroom-apartment-flat-for-sale-in-ashtavinayak-heights-taloja-panchanand-navi-mumbai-1056-sq-ft-spid-V48823537
₹ 1.6 Cr,"₹ 13,559/sq.ft.","1,180 sq.ft.",2 BHK,2 Baths,https://www.99acres.com/2-bhk-bedroom-apartment-flat-for-sale-in-concrete-sai-sthaan-sector-29-nerul-mumbai-navi-1180-sq-ft-spid-P49040393
₹ 1.3 Cr,"₹ 23,575/sq.ft.",551 sq.ft.,2 BHK,2 Baths,https://www.99acres.com/2-bhk-bedroom-apartment-flat-for-sale-in-ak-orchid-sector-12-kharghar-mumbai-navi-551-sq-ft-npspid-T49029149
₹ 1.16 Cr,"₹ 11,600/sq.ft.","1,000 sq.ft.",2 BHK,2 Baths,https://www.99acres.com/2-bhk-bedroom-apartment-flat-for-sale-in-sector-11-belapur-navi-mumbai-1000-sq-ft-spid-P48533817
₹ 44 Lac,"₹ 10,000/sq.ft.",440 sq.ft.,1 BHK,1 Bath,https://www.99acres.com/1-bhk-bedroom-apartment-flat-for-sale-in-marathon-nexzone-new-panvel-navi-mumbai-440-sq-ft-npspid-T49027713
₹ 98 Lac,"₹ 14,411/sq.ft.",680 sq.ft.,1 BHK,1 Bath,https://www.99acres.com/1-bhk-bedroom-apartment-flat-for-sale-in-sector-21-nerul-mumbai-navi-680-sq-ft-spid-E48733833
₹ 65 Lac,"₹ 9,878/sq.ft.",658 sq.ft.,1 BHK,1 Bath,https://www.99acres.com/1-bhk-bedroom-apartment-flat-for-sale-in-kharghar-navi-mumbai-658-sq-ft-spid-K48798287
₹ 1.8 Cr,"₹ 17,143/sq.ft.","1,050 sq.ft.",2 BHK,2 Baths,https://www.99acres.com/2-bhk-bedroom-apartment-flat-for-sale-in-nri-complex-phase-1-sector-58-seawoods-mumbai-navi-1050-sq-ft-r2-spid-S40304259
₹ 1.8 Cr,"₹ 22,359/sq.ft.",805 sq.ft.,3 BHK,3 Baths,https://www.99acres.com/3-bhk-bedroom-apartment-flat-for-sale-in-ak-orchid-sector-12-kharghar-mumbai-navi-805-sq-ft-npspid-W49029147
₹ 80 Lac,"₹ 12,030/sq.ft.",665 sq.ft.,1 BHK,1 Bath,https://www.99acres.com/1-bhk-bedroom-apartment-flat-for-sale-in-sector-36-seawoods-mumbai-navi-665-sq-ft-r1-spid-G47492133
₹ 65 Lac,"₹ 6,565/sq.ft.",990 sq.ft.,2 BHK,2 Baths,https://www.99acres.com/2-bhk-bedroom-apartment-flat-for-sale-in-shree-ganesh-apartment-sector-23-ulwe-mumbai-navi-990-sq-ft-spid-G49028095
₹ 2.2 Cr,"₹ 11,549/sq.ft.","1,905 sq.ft.",3 BHK,3 Baths,https://www.99acres.com/3-bhk-bedroom-apartment-flat-for-sale-in-c-teja-signature-sector-30-belapur-mumbai-navi-1905-sq-ft-r5-spid-Z37258097
₹ 1.9 - 1.91 Cr,"₹ 13,286/sq.ft.","1,430-1,435 sq.ft.",3 BHK,3 Baths,https://www.99acres.com/3-bhk-bedroom-apartment-flat-for-sale-in-tricity-promenade-sector-38-seawoods-mumbai-navi-1430-sq-ft-to-1435-sq-ft-npspid-Q48948167
₹ 1.7 - 1.85 Cr,"₹ 16,037/sq.ft.","1,060-1,155 sq.ft.",2 BHK,2 Baths,https://www.99acres.com/2-bhk-bedroom-apartment-flat-for-sale-in-tricity-promenade-sector-38-seawoods-mumbai-navi-1060-sq-ft-to-1155-sq-ft-npspid-W48948163
₹ 3.5 Cr,"₹ 10,000/sq.ft.","3,500 sq.ft.",4 BHK,4 Baths,https://www.99acres.com/4-bhk-bedroom-apartment-flat-for-sale-in-ashtavinayak-kharghar-one-sector-21-kharghar-mumbai-navi-3500-sq-ft-npspid-J48672547
₹ 2.9 Cr,"₹ 12,083/sq.ft.","2,400 sq.ft.",4 BHK,4 Baths,https://www.99acres.com/4-bhk-bedroom-apartment-flat-for-sale-in-koperkhairane-navi-mumbai-2400-sq-ft-r2-spid-I44929031
₹ 65.92 - 71.28 Lac,"₹ 8,000/sq.ft.",824-891 sq.ft.,2 BHK,3 Baths,https://www.99acres.com/2-bhk-bedroom-apartment-flat-for-sale-in-indiabulls-greens-panvel-navi-mumbai-824-sq-ft-to-891-sq-ft-npspid-Z48978461
₹ 80 Lac,"₹ 7,692/sq.ft.","1,040 sq.ft.",2 BHK,2 Baths,https://www.99acres.com/2-bhk-bedroom-apartment-flat-for-sale-in-infra-millenium-icon-sector-9-ulwe-mumbai-navi-1040-sq-ft-spid-A49027205
₹ 1.6 Cr,"₹ 10,666/sq.ft.","1,500 sq.ft.",3 BHK,3 Baths,https://www.99acres.com/3-bhk-bedroom-apartment-flat-for-sale-in-sai-yashvasin-sector-27-kharghar-mumbai-navi-1500-sq-ft-spid-L48878487
₹ 45 Lac,"₹ 6,428/sq.ft.",700 sq.ft.,1 BHK,2 Baths,https://www.99acres.com/1-bhk-bedroom-apartment-flat-for-sale-in-sector-23-ulwe-mumbai-navi-700-sq-ft-spid-F49002727
₹ 58 Lac,"₹ 8,345/sq.ft.",695 sq.ft.,1 BHK,1 Bath,https://www.99acres.com/1-bhk-bedroom-apartment-flat-for-sale-in-sector-21-ghansoli-mumbai-navi-695-sq-ft-spid-K48005957
₹ 75 Lac,"₹ 7,614/sq.ft.",985 sq.ft.,2 BHK,2 Baths,https://www.99acres.com/2-bhk-bedroom-apartment-flat-for-sale-in-elite-homes-sector-35-e-kharghar-mumbai-navi-985-sq-ft-r1-spid-R45701947
₹ 36 - 42.75 Lac,"₹ 6,250/sq.ft.",576-684 sq.ft.,1 BHK,1 Bath,https://www.99acres.com/1-bhk-bedroom-apartment-flat-for-sale-in-belmac-riverside-new-panvel-navi-mumbai-576-sq-ft-to-684-sq-ft-npspid-O48989227
₹ 50 Lac,"₹ 7,142/sq.ft.",700 sq.ft.,1 BHK,1 Bath,https://www.99acres.com/1-bhk-bedroom-apartment-flat-for-sale-in-sector-18-kamothe-mumbai-navi-700-sq-ft-spid-O48959619
₹ 40 Lac,"₹ 6,349/sq.ft.",630 sq.ft.,1 BHK,2 Baths,https://www.99acres.com/1-bhk-bedroom-apartment-flat-for-sale-in-navkar-jinete-park-sector-23-ulwe-mumbai-navi-630-sq-ft-r2-spid-J42164847
₹ 37.9 Lac,"₹ 8,064/sq.ft.",470 sq.ft.,2 BHK,3 Baths,https://www.99acres.com/2-bhk-bedroom-apartment-flat-for-sale-in-lodha-crown-taloja-mumbai-others-470-sq-ft-npspid-A49032757
₹ 1.07 Cr,"₹ 12,050/sq.ft.",888 sq.ft.,3 BHK,3 Baths,https://www.99acres.com/3-bhk-bedroom-apartment-flat-for-sale-in-marathon-nexzone-new-panvel-navi-mumbai-888-sq-ft-npspid-S48978311
₹ 48 Lac,"₹ 8,275/sq.ft.",580 sq.ft.,1 RK,1 Bath,https://www.99acres.com/studio-apartment-flat-for-sale-in-span-exotica-sector-20-ulwe-mumbai-navi-580-sq-ft-r1-spid-Q47723217
₹ 49.89 Lac,"₹ 8,955/sq.ft.",557 sq.ft.,1 BHK,1 Bath,https://www.99acres.com/1-bhk-bedroom-apartment-flat-for-sale-in-indiabulls-park-panvel-navi-mumbai-557-sq-ft-npspid-G48979459
₹ 35 Lac,"₹ 6,294/sq.ft.",556 sq.ft.,1 BHK,1 Bath,https://www.99acres.com/1-bhk-bedroom-apartment-flat-for-sale-in-deep-city-panvel-navi-mumbai-556-sq-ft-spid-T49001389
₹ 1.1 Cr,"₹ 10,837/sq.ft.","1,015 sq.ft.",2 BHK,2 Baths,https://www.99acres.com/2-bhk-bedroom-apartment-flat-for-sale-in-belapur-navi-mumbai-1015-sq-ft-spid-W48615995
₹ 40 Lac,"₹ 6,441/sq.ft.",621 sq.ft.,1 BHK,1 Bath,https://www.99acres.com/1-bhk-bedroom-apartment-flat-for-sale-in-reddys-orion-ulwe-navi-mumbai-621-sq-ft-spid-C48562245
₹ 80 Lac,"₹ 12,326/sq.ft.",649 sq.ft.,1 BHK,1 Bath,https://www.99acres.com/1-bhk-bedroom-apartment-flat-for-sale-in-kunal-2-sector-21-nerul-mumbai-navi-649-sq-ft-spid-N48809781
₹ 90 Lac,"₹ 13,846/sq.ft.",650 sq.ft.,2 BHK,2 Baths,https://www.99acres.com/2-bhk-bedroom-apartment-flat-for-sale-in-sanjeevani-vrindavan-sector-19-airoli-mumbai-navi-650-sq-ft-r1-spid-W46440045
₹ 1.19 Cr,"₹ 9,520/sq.ft.","1,249 sq.ft.",3 BHK,3 Baths,https://www.99acres.com/3-bhk-bedroom-apartment-flat-for-sale-in-indiabulls-park-panvel-navi-mumbai-1250-sq-ft-npspid-R48979457
₹ 1.1 Cr,"₹ 14,968/sq.ft.",734 sq.ft.,2 BHK,2 Baths,https://www.99acres.com/2-bhk-bedroom-apartment-flat-for-sale-in-hiranandani-fortune-city-panvel-navi-mumbai-735-sq-ft-npspid-E48983991
₹ 71.5 Lac,"₹ 15,729/sq.ft.",454 sq.ft.,1 BHK,1 Bath,https://www.99acres.com/1-bhk-bedroom-apartment-flat-for-sale-in-hiranandani-fortune-city-panvel-navi-mumbai-455-sq-ft-npspid-M48983939
₹ 69.84 Lac,"₹ 9,983/sq.ft.",699 sq.ft.,2 BHK,2 Baths,https://www.99acres.com/2-bhk-bedroom-apartment-flat-for-sale-in-indiabulls-park-panvel-navi-mumbai-700-sq-ft-npspid-Z48979455
₹ 58 Lac,"₹ 6,041/sq.ft.",960 sq.ft.,2 BHK,2 Baths,https://www.99acres.com/2-bhk-bedroom-apartment-flat-for-sale-in-dronagiri-navi-mumbai-960-sq-ft-spid-P48425009
₹ 62.41 Lac,"₹ 10,742/sq.ft.",581 sq.ft.,2 BHK,3 Baths,https://www.99acres.com/2-bhk-bedroom-apartment-flat-for-sale-in-marathon-nexzone-new-panvel-navi-mumbai-581-sq-ft-npspid-V48978313
₹ 55 Lac,"₹ 8,730/sq.ft.",630 sq.ft.,1 BHK,1 Bath,https://www.99acres.com/1-bhk-bedroom-apartment-flat-for-sale-in-sector-9-ulwe-mumbai-navi-630-sq-ft-spid-Q46282621
₹ 85 Lac,"₹ 8,947/sq.ft.",950 sq.ft.,2 BHK,2 Baths,https://www.99acres.com/2-bhk-bedroom-apartment-flat-for-sale-in-pride-chamunda-avenue-sector-23-ghansoli-mumbai-navi-950-sq-ft-spid-K48605597
₹ 48 Lac,"₹ 6,956/sq.ft.",690 sq.ft.,1 BHK,1 Bath,https://www.99acres.com/1-bhk-bedroom-apartment-flat-for-sale-in-paradise-sai-riverdale-taloja-panchanand-navi-mumbai-690-sq-ft-r1-spid-N45747081
₹ 1.2 Cr,"₹ 7,058/sq.ft.","1,700 sq.ft.",3 BHK,3 Baths,https://www.99acres.com/3-bhk-bedroom-apartment-flat-for-sale-in-anmol-planet-sector-10-kharghar-mumbai-navi-1700-sq-ft-r1-spid-L47648593
₹ 1.6 Cr,"₹ 12,800/sq.ft.","1,250 sq.ft.",2 BHK,2 Baths,https://www.99acres.com/2-bhk-bedroom-apartment-flat-for-sale-in-sector-42-seawoods-mumbai-navi-1250-sq-ft-spid-H49023385
₹ 1.07 - 1.22 Cr,"₹ 13,113/sq.ft.",816-931 sq.ft.,3 BHK,3 Baths,https://www.99acres.com/3-bhk-bedroom-apartment-flat-for-sale-in-balaji-symphony-new-panvel-navi-mumbai-816-sq-ft-to-931-sq-ft-npspid-M48979377
₹ 79.9 Lac - 1.1 Cr,"₹ 13,141/sq.ft.",608-837 sq.ft.,2 BHK,2 Baths,https://www.99acres.com/2-bhk-bedroom-apartment-flat-for-sale-in-balaji-symphony-new-panvel-navi-mumbai-608-sq-ft-to-837-sq-ft-npspid-D48979375
₹ 69.5 Lac,"₹ 6,233/sq.ft.","1,115 sq.ft.",2 BHK,2 Baths,https://www.99acres.com/2-bhk-bedroom-apartment-flat-for-sale-in-paradise-sai-riverdale-taloja-panchanand-navi-mumbai-1115-sq-ft-spid-B48342471
₹ 79.93 - 88.42 Lac,"₹ 17,666/sq.ft.",452-500 sq.ft.,1 BHK,1 Bath,https://www.99acres.com/1-bhk-bedroom-apartment-flat-for-sale-in-aurum-q-residences-ghansoli-navi-mumbai-453-sq-ft-to-500-sq-ft-npspid-M48964389
₹ 54 Lac,"₹ 8,120/sq.ft.",665 sq.ft.,1 BHK,1 Bath,https://www.99acres.com/1-bhk-bedroom-apartment-flat-for-sale-in-span-exotica-sector-20-ulwe-mumbai-navi-665-sq-ft-r1-spid-Y47718773
₹ 90.6 Lac,"₹ 29,954/sq.ft.",302 sq.ft.,1 BHK,1 Bath,https://www.99acres.com/1-bhk-bedroom-apartment-flat-for-sale-in-neelkanth-sunberry-ghansoli-navi-mumbai-302-sq-ft-npspid-N48952519
₹ 42 Lac,"₹ 6,315/sq.ft.",665 sq.ft.,1 BHK,1 Bath,https://www.99acres.com/1-bhk-bedroom-apartment-flat-for-sale-in-dhwisha-classic-tower-taloja-mumbai-others-665-sq-ft-spid-F48956861
₹ 68.46 Lac,"₹ 8,800/sq.ft.",778 sq.ft.,3 BHK,3 Baths,https://www.99acres.com/3-bhk-bedroom-apartment-flat-for-sale-in-dosti-planet-north-shilphata-mumbai-navi-778-sq-ft-npspid-H48942763
₹ 85 Lac,"₹ 8,333/sq.ft.","1,020 sq.ft.",2 BHK,2 Baths,https://www.99acres.com/2-bhk-bedroom-apartment-flat-for-sale-in-shagun-white-wings-sector-23-ulwe-mumbai-navi-1020-sq-ft-spid-M48704597
₹ 93.45 Lac,"₹ 20,955/sq.ft.",445 sq.ft.,1 BHK,3 Baths,https://www.99acres.com/1-bhk-bedroom-apartment-flat-for-sale-in-sara-kshipra-sector-8-sanpada-mumbai-navi-446-sq-ft-npspid-D48731771
₹ 90 Lac,"₹ 7,200/sq.ft.","1,250 sq.ft.",2 BHK,2 Baths,https://www.99acres.com/2-bhk-bedroom-apartment-flat-for-sale-in-sector-20-kharghar-mumbai-navi-1250-sq-ft-spid-I48363247
₹ 75.53 - 82.51 Lac,"₹ 7,200/sq.ft.","1,049-1,146 sq.ft.",2 BHK,3 Baths,https://www.99acres.com/2-bhk-bedroom-apartment-flat-for-sale-in-yash-sai-krupa-sector-20-ulwe-mumbai-navi-1049-sq-ft-to-1146-sq-ft-npspid-O48858323
₹ 1.92 Cr,"₹ 16,590/sq.ft.","1,160 sq.ft.",3 BHK,3 Baths,https://www.99acres.com/3-bhk-bedroom-apartment-flat-for-sale-in-aurum-q-residences-ghansoli-navi-mumbai-1160-sq-ft-npspid-F48964383
₹ 1.81 Cr,"₹ 29,956/sq.ft.",602 sq.ft.,3 BHK,3 Baths,https://www.99acres.com/3-bhk-bedroom-apartment-flat-for-sale-in-neelkanth-sunberry-ghansoli-navi-mumbai-603-sq-ft-npspid-M48952515
₹ 1.42 - 1.53 Cr,"₹ 31,878/sq.ft.",445-481 sq.ft.,2 BHK,2 Baths,https://www.99acres.com/2-bhk-bedroom-apartment-flat-for-sale-in-bhairaav-gold-crest-residency-ghansoli-navi-mumbai-445-sq-ft-to-482-sq-ft-npspid-Q48952469
₹ 43 Lac,"₹ 6,466/sq.ft.",665 sq.ft.,1 BHK,1 Bath,https://www.99acres.com/1-bhk-bedroom-apartment-flat-for-sale-in-sector-17-kamothe-mumbai-navi-665-sq-ft-r1-spid-W47460841
₹ 32 Lac,"₹ 4,923/sq.ft.",650 sq.ft.,1 BHK,1 Bath,https://www.99acres.com/1-bhk-bedroom-apartment-flat-for-sale-in-premier-residency-taloja-mumbai-others-650-sq-ft-spid-Y49009209
₹ 35.99 Lac,"₹ 5,142/sq.ft.",700 sq.ft.,1 BHK,1 Bath,https://www.99acres.com/1-bhk-bedroom-apartment-flat-for-sale-in-kamdhenu-gardenia-taloja-mumbai-others-700-sq-ft-npspid-X48978237
₹ 62.44 Lac,"₹ 6,976/sq.ft.",895 sq.ft.,2 BHK,2 Baths,https://www.99acres.com/2-bhk-bedroom-apartment-flat-for-sale-in-bharat-ecovistas-shilphata-mumbai-navi-895-sq-ft-r1-spid-X46259291
₹ 63.71 Lac,"₹ 6,742/sq.ft.",945 sq.ft.,2 BHK,2 Baths,https://www.99acres.com/2-bhk-bedroom-apartment-flat-for-sale-in-bharat-ecovistas-shilphata-mumbai-navi-945-sq-ft-r1-spid-T46259217
₹ 1.35 - 1.37 Cr,"₹ 10,000/sq.ft.","1,350-1,365 sq.ft.",2 BHK,2 Baths,https://www.99acres.com/2-bhk-bedroom-apartment-flat-for-sale-in-bhagwati-greens-sector-23-kharghar-mumbai-navi-1350-sq-ft-to-1365-sq-ft-npspid-G49029971
₹ 42.42 - 47.06 Lac,"₹ 8,003/sq.ft.",530-588 sq.ft.,2 BHK,3 Baths,https://www.99acres.com/2-bhk-bedroom-apartment-flat-for-sale-in-anant-sapphire-new-panvel-navi-mumbai-530-sq-ft-to-588-sq-ft-npspid-O45824881
₹ 55 Lac,"₹ 8,870/sq.ft.",620 sq.ft.,1 BHK,1 Bath,https://www.99acres.com/1-bhk-bedroom-apartment-flat-for-sale-in-sector-4-kharghar-mumbai-navi-620-sq-ft-spid-A48217245
₹ 1.65 Cr,"₹ 13,750/sq.ft.","1,200 sq.ft.",2 BHK,2 Baths,https://www.99acres.com/2-bhk-bedroom-apartment-flat-for-sale-in-bhagwati-eminence-nerul-navi-mumbai-1200-sq-ft-spid-P48816103
₹ 72 Lac,"₹ 7,199/sq.ft.","1,000 sq.ft.",2 BHK,3 Baths,https://www.99acres.com/2-bhk-bedroom-apartment-flat-for-sale-in-sector-44a-seawoods-mumbai-navi-1000-sq-ft-spid-H49046895
₹ 78 Lac,"₹ 7,208/sq.ft.","1,082 sq.ft.",2 BHK,2 Baths,https://www.99acres.com/2-bhk-bedroom-apartment-flat-for-sale-in-neelsidhi-amarante-kalamboli-navi-mumbai-1082-sq-ft-spid-E48640113
₹ 83 Lac,"₹ 12,769/sq.ft.",650 sq.ft.,1 BHK,1 Bath,https://www.99acres.com/1-bhk-bedroom-apartment-flat-for-sale-in-sector-19a-nerul-mumbai-navi-650-sq-ft-spid-L47966159
₹ 52 Lac,"₹ 5,200/sq.ft.","1,000 sq.ft.",2 BHK,2 Baths,https://www.99acres.com/2-bhk-bedroom-apartment-flat-for-sale-in-navi-mumbai-1000-sq-ft-spid-V48826373
₹ 80 Lac,"₹ 7,272/sq.ft.","1,100 sq.ft.",2 BHK,2 Baths,https://www.99acres.com/2-bhk-bedroom-apartment-flat-for-sale-in-riddhi-siddhi-residency-sector-9-ulwe-mumbai-navi-1100-sq-ft-spid-A48695669
₹ 1.52 Cr,"₹ 12,666/sq.ft.","1,200 sq.ft.",2 BHK,2 Baths,https://www.99acres.com/2-bhk-bedroom-apartment-flat-for-sale-in-bhagwati-eminence-nerul-navi-mumbai-1200-sq-ft-spid-P48873609
₹ 65 Lac,"₹ 8,904/sq.ft.",730 sq.ft.,1 BHK,1 Bath,https://www.99acres.com/1-bhk-bedroom-apartment-flat-for-sale-in-riddhi-siddhi-residency-sector-9-ulwe-mumbai-navi-730-sq-ft-spid-N48381669
₹ 39.9 Lac,"₹ 9,388/sq.ft.",425 sq.ft.,1 BHK,2 Baths,https://www.99acres.com/1-bhk-bedroom-apartment-flat-for-sale-in-cosmos-meluha-shilphata-mumbai-navi-425-sq-ft-r1-spid-I46166045
₹ 33.93 - 34.71 Lac,"₹ 8,678/sq.ft.",391-400 sq.ft.,1 BHK,3 Baths,https://www.99acres.com/1-bhk-bedroom-apartment-flat-for-sale-in-wadhwa-wise-city-panvel-navi-mumbai-391-sq-ft-to-400-sq-ft-npspid-R49037433
₹ 1.15 Cr,"₹ 6,571/sq.ft.","1,750 sq.ft.",3 BHK,3 Baths,https://www.99acres.com/3-bhk-bedroom-apartment-flat-for-sale-in-ulwe-navi-mumbai-1750-sq-ft-spid-L47874663
₹ 80 Lac,"₹ 7,272/sq.ft.","1,100 sq.ft.",2 BHK,2 Baths,https://www.99acres.com/2-bhk-bedroom-apartment-flat-for-sale-in-sector-35i-kharghar-mumbai-navi-1100-sq-ft-spid-A48862883
₹ 95 Lac,"₹ 8,407/sq.ft.","1,130 sq.ft.",2 BHK,2 Baths,https://www.99acres.com/2-bhk-bedroom-apartment-flat-for-sale-in-lakhanis-sky-ways-sector-5-ulwe-mumbai-navi-1130-sq-ft-r1-spid-X47534735
₹ 1 Cr,"₹ 9,615/sq.ft.","1,040 sq.ft.",2 BHK,2 Baths,https://www.99acres.com/2-bhk-bedroom-apartment-flat-for-sale-in-tirupati-corner-sector-12-kharghar-mumbai-navi-1040-sq-ft-spid-L48753861
₹ 1.25 Cr,"₹ 7,621/sq.ft.","1,640 sq.ft.",3 BHK,3 Baths,https://www.99acres.com/3-bhk-bedroom-apartment-flat-for-sale-in-today-global-euphoria-sector-17-ulwe-mumbai-navi-1640-sq-ft-spid-Q47869339
₹ 52.25 Lac,"₹ 7,517/sq.ft.",695 sq.ft.,1 BHK,2 Baths,https://www.99acres.com/1-bhk-bedroom-apartment-flat-for-sale-in-bharat-ecovistas-shilphata-mumbai-navi-695-sq-ft-r1-spid-R46259055
₹ 82 Lac,"₹ 12,913/sq.ft.",635 sq.ft.,2 BHK,2 Baths,https://www.99acres.com/2-bhk-bedroom-apartment-flat-for-sale-in-sai-proviso-icon-roadpali-mumbai-navi-635-sq-ft-npspid-T48134277
₹ 2.6 Cr,"₹ 14,017/sq.ft.","1,855 sq.ft.",3 BHK,3 Baths,https://www.99acres.com/3-bhk-bedroom-apartment-flat-for-sale-in-sunteck-signia-waterfront-airoli-navi-mumbai-1855-sq-ft-r4-spid-I42172043
₹ 28.6 - 30.36 Lac,"₹ 10,517/sq.ft.",241-330 sq.ft.,1 BHK,3 Baths,https://www.99acres.com/1-bhk-bedroom-apartment-flat-for-sale-in-bhaveshwar-shree-sadguru-krupa-sadan-karanjada-mumbai-navi-242-sq-ft-to-330-sq-ft-npspid-E49036163
₹ 61.25 - 66.25 Lac,"₹ 16,945/sq.ft.",354-398 sq.ft.,1 BHK,1 Bath,https://www.99acres.com/1-bhk-bedroom-apartment-flat-for-sale-in-millennium-hilton-new-panvel-east-mumbai-navi-354-sq-ft-to-399-sq-ft-npspid-L49029037
₹ 82.35 - 98.5 Lac,"₹ 16,575/sq.ft.",500-590 sq.ft.,2 BHK,2 Baths,https://www.99acres.com/2-bhk-bedroom-apartment-flat-for-sale-in-millennium-hilton-new-panvel-east-mumbai-navi-500-sq-ft-to-590-sq-ft-npspid-Z49029033
₹ 87.44 - 96.96 Lac,"₹ 8,000/sq.ft.","1,093-1,212 sq.ft.",3 BHK,3 Baths,https://www.99acres.com/3-bhk-bedroom-apartment-flat-for-sale-in-indiabulls-greens-panvel-navi-mumbai-1093-sq-ft-to-1212-sq-ft-npspid-C48964063
₹ 18 Cr,"₹ 22,500/sq.ft.","8,000 sq.ft.",5 BHK,5 Baths,https://www.99acres.com/5-bhk-bedroom-apartment-flat-for-sale-in-sector-18-sanpada-mumbai-navi-8000-sq-ft-r1-spid-L46817753
₹ 95 Lac,"₹ 8,637/sq.ft.","1,100 sq.ft.",3 BHK,2 Baths,https://www.99acres.com/3-bhk-bedroom-apartment-flat-for-sale-in-sector-18-kopar-khairane-mumbai-navi-1100-sq-ft-r3-spid-O43483565
₹ 82 Lac,"₹ 6,890/sq.ft.","1,190 sq.ft.",2 BHK,2 Baths,https://www.99acres.com/2-bhk-bedroom-apartment-flat-for-sale-in-ak-patel-royal-sector-3-ulwe-mumbai-navi-1190-sq-ft-spid-W49020377
₹ 90 Lac,"₹ 200,000/sq.ft.",45 sq.ft.,1 BHK,2 Baths,https://www.99acres.com/1-bhk-bedroom-independent-builder-floor-for-sale-in-navi-mumbai-45-sq-ft-spid-H48765563
₹ 52.27 Lac,"₹ 8,884/sq.ft.",588 sq.ft.,2 BHK,2 Baths,https://www.99acres.com/2-bhk-bedroom-apartment-flat-for-sale-in-dosti-planet-north-shilphata-mumbai-navi-588-sq-ft-npspid-Q48942761
₹ 38 Lac,"₹ 15,200/sq.ft.",250 sq.ft.,1 RK,1 Bath,https://www.99acres.com/studio-apartment-flat-for-sale-in-sector-9-ghansoli-mumbai-navi-250-sq-ft-spid-X48589037
₹ 47.5 Lac,"₹ 11,073/sq.ft.",429 sq.ft.,1 BHK,1 Bath,https://www.99acres.com/1-bhk-bedroom-apartment-flat-for-sale-in-today-global-anandam-kharghar-navi-mumbai-429-sq-ft-npspid-I48979517
₹ 92 Lac,"₹ 8,251/sq.ft.","1,115 sq.ft.",2 BHK,2 Baths,https://www.99acres.com/2-bhk-bedroom-apartment-flat-for-sale-in-riddhi-siddhi-residency-sector-9-ulwe-mumbai-navi-1115-sq-ft-spid-I48691369
₹ 43 Lac,"₹ 6,718/sq.ft.",640 sq.ft.,1 BHK,1 Bath,https://www.99acres.com/1-bhk-bedroom-apartment-flat-for-sale-in-sector-5-ulwe-mumbai-navi-640-sq-ft-spid-N48572321
₹ 45 Lac,"₹ 6,766/sq.ft.",665 sq.ft.,1 BHK,1 Bath,https://www.99acres.com/1-bhk-bedroom-apartment-flat-for-sale-in-varniraj-neelkanth-dham-ulwe-navi-mumbai-665-sq-ft-r1-spid-M47545081
₹ 66 Lac,"₹ 8,918/sq.ft.",740 sq.ft.,1 BHK,1 Bath,https://www.99acres.com/1-bhk-bedroom-apartment-flat-for-sale-in-siddharth-geetanjali-heights-sector-35d-kharghar-mumbai-navi-740-sq-ft-spid-U47516645
₹ 44.45 Lac,"₹ 7,000/sq.ft.",635 sq.ft.,1 BHK,1 Bath,https://www.99acres.com/1-bhk-bedroom-apartment-flat-for-sale-in-neelkanth-classic-kharghar-navi-mumbai-635-sq-ft-spid-J48409879
₹ 1.65 Cr,"₹ 8,461/sq.ft.","1,950 sq.ft.",3 BHK,3 Baths,https://www.99acres.com/3-bhk-bedroom-apartment-flat-for-sale-in-platinum-the-springs-roadpali-mumbai-navi-1950-sq-ft-spid-B48332493
₹ 38 Lac,"₹ 5,149/sq.ft.",738 sq.ft.,1 BHK,1 Bath,https://www.99acres.com/1-bhk-bedroom-apartment-flat-for-sale-in-gami-amar-harmony-taloja-panchanand-navi-mumbai-738-sq-ft-spid-T49009955
₹ 85 Lac,"₹ 7,555/sq.ft.","1,125 sq.ft.",2 BHK,2 Baths,https://www.99acres.com/2-bhk-bedroom-apartment-flat-for-sale-in-navi-mumbai-1125-sq-ft-spid-A48965695
₹ 48 Lac,"₹ 7,385/sq.ft.",650 sq.ft.,1 BHK,1 Bath,https://www.99acres.com/1-bhk-bedroom-apartment-flat-for-sale-in-jyot-darshan-sector-10-kharghar-mumbai-navi-650-sq-ft-r2-spid-F43562431
₹ 83 Lac,"₹ 9,222/sq.ft.",900 sq.ft.,2 BHK,2 Baths,https://www.99acres.com/2-bhk-bedroom-apartment-flat-for-sale-in-sector-14-koparkhairane-mumbai-navi-900-sq-ft-spid-G48939099
₹ 3.33 Cr,"₹ 22,870/sq.ft.","1,456 sq.ft.",3 BHK,3 Baths,https://www.99acres.com/3-bhk-bedroom-apartment-flat-for-sale-in-mahaavir-amrut-palm-beach-navi-mumbai-1456-sq-ft-spid-G48924433
₹ 1.31 Cr,"₹ 10,737/sq.ft.","1,220 sq.ft.",2 BHK,2 Baths,https://www.99acres.com/2-bhk-bedroom-apartment-flat-for-sale-in-paradise-sai-moksh-sector-15-kharghar-mumbai-navi-1220-sq-ft-spid-U49045719
₹ 1.85 Cr,"₹ 12,982/sq.ft.","1,425 sq.ft.",3 BHK,3 Baths,https://www.99acres.com/3-bhk-bedroom-apartment-flat-for-sale-in-hiranandani-fortune-city-panvel-navi-mumbai-1425-sq-ft-npspid-D48984043
₹ 74 Lac,"₹ 8,705/sq.ft.",850 sq.ft.,2 BHK,2 Baths,https://www.99acres.com/2-bhk-bedroom-apartment-flat-for-sale-in-kush-chs-sector-16-koparkhairane-mumbai-navi-850-sq-ft-spid-U49040805
₹ 88 Lac,"₹ 8,380/sq.ft.","1,050 sq.ft.",2 BHK,2 Baths,https://www.99acres.com/2-bhk-bedroom-apartment-flat-for-sale-in-proviso-green-view-sector-17-ulwe-mumbai-navi-1050-sq-ft-spid-T48238261
₹ 65 Lac,"₹ 7,222/sq.ft.",900 sq.ft.,2 BHK,2 Baths,https://www.99acres.com/2-bhk-bedroom-apartment-flat-for-sale-in-classics-shell-sector-3-new-panvel-mumbai-navi-900-sq-ft-spid-N48501779
₹ 80 Lac,"₹ 8,421/sq.ft.",950 sq.ft.,2 BHK,2 Baths,https://www.99acres.com/2-bhk-bedroom-apartment-flat-for-sale-in-sector-21-ghansoli-mumbai-navi-950-sq-ft-spid-V47338967
₹ 50 Lac,"₹ 7,407/sq.ft.",675 sq.ft.,1 BHK,2 Baths,https://www.99acres.com/1-bhk-bedroom-apartment-flat-for-sale-in-infra-millenium-icon-sector-9-ulwe-mumbai-navi-675-sq-ft-spid-U48220879
₹ 26.86 - 42.78 Lac,"₹ 9,045/sq.ft.",297-473 sq.ft.,1 BHK,1 Bath,https://www.99acres.com/1-bhk-bedroom-apartment-flat-for-sale-in-lodha-codename-golden-dream-taloja-mumbai-others-297-sq-ft-to-473-sq-ft-npspid-M48977815
₹ 90 Lac,"₹ 7,200/sq.ft.","1,250 sq.ft.",2 BHK,2 Baths,https://www.99acres.com/2-bhk-bedroom-apartment-flat-for-sale-in-sector-44-seawoods-mumbai-navi-1250-sq-ft-spid-O49022947
₹ 62.11 Lac,"₹ 9,704/sq.ft.",640 sq.ft.,1 BHK,1 Bath,https://www.99acres.com/1-bhk-bedroom-apartment-flat-for-sale-in-sai-sagar-sector-20-kharghar-mumbai-navi-640-sq-ft-spid-K48949897
₹ 2.2 Cr,"₹ 14,765/sq.ft.","1,490 sq.ft.",3 BHK,2 Baths,https://www.99acres.com/3-bhk-bedroom-apartment-flat-for-sale-in-lakhanis-galaxy-belapur-navi-mumbai-1490-sq-ft-r1-spid-W47349807
₹ 46 Lac,"₹ 11,500/sq.ft.",400 sq.ft.,1 BHK,1 Bath,https://www.99acres.com/1-bhk-bedroom-apartment-flat-for-sale-in-sector-4-belapur-mumbai-navi-400-sq-ft-spid-T48956261
₹ 58 Lac,"₹ 9,354/sq.ft.",620 sq.ft.,1 BHK,1 Bath,https://www.99acres.com/1-bhk-bedroom-apartment-flat-for-sale-in-sector-21-ghansoli-mumbai-navi-620-sq-ft-spid-Q47785297
₹ 1.2 Cr,"₹ 10,434/sq.ft.","1,150 sq.ft.",2 BHK,2 Baths,https://www.99acres.com/2-bhk-bedroom-apartment-flat-for-sale-in-sector-1-kopar-khairane-mumbai-navi-1150-sq-ft-spid-A49026197
₹ 55 Lac,"₹ 5,069/sq.ft.","1,085 sq.ft.",2 BHK,2 Baths,https://www.99acres.com/2-bhk-bedroom-apartment-flat-for-sale-in-city-icon-taloja-mumbai-others-1085-sq-ft-spid-E48978819
₹ 24.25 - 38.63 Lac,"₹ 8,166/sq.ft.",297-473 sq.ft.,1 BHK,1 Bath,https://www.99acres.com/1-bhk-bedroom-apartment-flat-for-sale-in-lodha-codename-golden-dream-taloja-mumbai-others-297-sq-ft-to-473-sq-ft-npspid-H48977813
₹ 3.7 Cr,"₹ 12,754/sq.ft.","2,901 sq.ft.",5 BHK,5 Baths,https://www.99acres.com/5-bhk-bedroom-apartment-flat-for-sale-in-ghansoli-navi-mumbai-2901-sq-ft-r1-spid-X45506745
₹ 38 Lac,"₹ 5,352/sq.ft.",710 sq.ft.,1 BHK,2 Baths,https://www.99acres.com/1-bhk-bedroom-apartment-flat-for-sale-in-taloja-mumbai-others-710-sq-ft-spid-P49006455
₹ 46 Lac,"₹ 6,666/sq.ft.",690 sq.ft.,1 BHK,1 Bath,https://www.99acres.com/1-bhk-bedroom-apartment-flat-for-sale-in-paradise-sai-riverdale-taloja-panchanand-navi-mumbai-690-sq-ft-spid-O49019967
₹ 36 Lac,"₹ 5,538/sq.ft.",650 sq.ft.,1 BHK,2 Baths,https://www.99acres.com/1-bhk-bedroom-apartment-flat-for-sale-in-karanjada-mumbai-navi-650-sq-ft-spid-W49042097
₹ 46 Lac,"₹ 7,324/sq.ft.",628 sq.ft.,1 BHK,1 Bath,https://www.99acres.com/1-bhk-bedroom-apartment-flat-for-sale-in-mahavir-patel-manzil-sector-19-ulwe-mumbai-navi-628-sq-ft-spid-L49026531
₹ 86 Lac,"₹ 7,319/sq.ft.","1,175 sq.ft.",2 BHK,2 Baths,https://www.99acres.com/2-bhk-bedroom-apartment-flat-for-sale-in-kk-moreshwar-sector-21-ulwe-mumbai-navi-1175-sq-ft-spid-O48254757
₹ 41.01 Lac,"₹ 6,551/sq.ft.",626 sq.ft.,1 BHK,1 Bath,https://www.99acres.com/1-bhk-bedroom-apartment-flat-for-sale-in-vichumbe-mumbai-navi-626-sq-ft-spid-W48847907
₹ 1.48 Cr,"₹ 11,600/sq.ft.","1,275 sq.ft.",2 BHK,2 Baths,https://www.99acres.com/2-bhk-bedroom-apartment-flat-for-sale-in-paradise-sai-mannat-sector-34a-kharghar-mumbai-navi-1275-sq-ft-npspid-H48506487
₹ 72 Lac,"₹ 15,839/sq.ft.",454 sq.ft.,1 BHK,1 Bath,https://www.99acres.com/1-bhk-bedroom-apartment-flat-for-sale-in-hiranandani-fortune-city-panvel-navi-mumbai-455-sq-ft-npspid-B48841219
₹ 2.81 Cr,"₹ 17,562/sq.ft.","1,600 sq.ft.",3 BHK,3 Baths,https://www.99acres.com/3-bhk-bedroom-apartment-flat-for-sale-in-national-sea-queen-excellency-sector-44-seawoods-mumbai-navi-1600-sq-ft-spid-R48144025
₹ 1 Cr,"₹ 10,000/sq.ft.","1,000 sq.ft.",2 BHK,2 Baths,https://www.99acres.com/2-bhk-bedroom-apartment-flat-for-sale-in-sector-6-kopar-khairane-mumbai-navi-1000-sq-ft-spid-Z48707317
₹ 1.15 Cr,"₹ 12,004/sq.ft.",958 sq.ft.,2 BHK,2 Baths,https://www.99acres.com/2-bhk-bedroom-apartment-flat-for-sale-in-new-sector-50-nerul-mumbai-navi-958-sq-ft-spid-H48955937
₹ 73 Lac,"₹ 7,300/sq.ft.","1,000 sq.ft.",2 BHK,2 Baths,https://www.99acres.com/2-bhk-bedroom-apartment-flat-for-sale-in-lucky-dream-heritage-sector-19-ulwe-mumbai-navi-1000-sq-ft-spid-Y48731711
₹ 56 Lac,"₹ 9,333/sq.ft.",600 sq.ft.,1 BHK,1 Bath,https://www.99acres.com/1-bhk-bedroom-apartment-flat-for-sale-in-hari-madhur-milan-sector-5-new-panvel-east-mumbai-navi-600-sq-ft-spid-U48532555
₹ 1.64 Cr,"₹ 13,576/sq.ft.","1,208 sq.ft.",2 BHK,2 Baths,https://www.99acres.com/2-bhk-bedroom-apartment-flat-for-sale-in-bhagwati-eminence-sector-13-nerul-mumbai-navi-1208-sq-ft-spid-T47235899
₹ 54.78 Lac,"₹ 21,984/sq.ft.",249 sq.ft.,1 BHK,3 Baths,https://www.99acres.com/1-bhk-bedroom-apartment-flat-for-sale-in-space-imperial-sector-16-ulwe-mumbai-navi-249-sq-ft-npspid-Q48958521
₹ 50 Lac,"₹ 7,633/sq.ft.",655 sq.ft.,1 BHK,1 Bath,https://www.99acres.com/1-bhk-bedroom-apartment-flat-for-sale-in-kharghar-navi-mumbai-655-sq-ft-spid-T48361279
₹ 2.65 Cr,"₹ 13,283/sq.ft.","1,995 sq.ft.",3 BHK,3 Baths,https://www.99acres.com/3-bhk-bedroom-apartment-flat-for-sale-in-bhagwati-greens-sector-23-kharghar-mumbai-navi-1995-sq-ft-spid-K48995347
₹ 33.5 Lac,"₹ 5,130/sq.ft.",653 sq.ft.,1 BHK,2 Baths,https://www.99acres.com/1-bhk-bedroom-apartment-flat-for-sale-in-shree-hari-residency-shilphata-mumbai-navi-653-sq-ft-r1-spid-H45223257
₹ 1.64 Cr,"₹ 13,666/sq.ft.","1,200 sq.ft.",2 BHK,2 Baths,https://www.99acres.com/2-bhk-bedroom-apartment-flat-for-sale-in-bhagwati-eminence-sector-13-nerul-mumbai-navi-1200-sq-ft-r1-spid-J47621861
₹ 1.67 Cr,"₹ 13,916/sq.ft.","1,200 sq.ft.",2 BHK,2 Baths,https://www.99acres.com/2-bhk-bedroom-apartment-flat-for-sale-in-bhagwati-eminence-sector-13-nerul-mumbai-navi-1200-sq-ft-r1-spid-D47621783
₹ 3.5 Cr,"₹ 10,000/sq.ft.","3,500 sq.ft.",4 BHK,4 Baths,https://www.99acres.com/4-bhk-bedroom-apartment-flat-for-sale-in-ashtavinayak-kharghar-one-sector-21-kharghar-mumbai-navi-3500-sq-ft-npspid-A48477269
₹ 41.93 Lac,"₹ 6,500/sq.ft.",645 sq.ft.,1 BHK,1 Bath,https://www.99acres.com/1-bhk-bedroom-apartment-flat-for-sale-in-the-palm-oak-sector-16-ulwe-mumbai-navi-645-sq-ft-spid-W48422129
₹ 2.2 Cr,"₹ 11,580/sq.ft.","1,900 sq.ft.",3 BHK,3 Baths,https://www.99acres.com/3-bhk-bedroom-apartment-flat-for-sale-in-c-teja-signature-sector-30-belapur-mumbai-navi-1900-sq-ft-r2-spid-V43034209
